,score,explanation,score_together,explanation_together
OPENING,2,"The conversation between the physician and the patient starts with a brief greeting from both sides but lacks a formal introduction from the physician. The physician does not introduce themselves or clarify their role, nor do they inquire about how to address the patient. However, the physician does use the patient's name, 'Hey, Kevin. How's it going? It's really good to see you.' This indicates some level of familiarity, suggesting an existing doctor-patient relationship. Despite this, the conversation misses key elements of a full introduction, such as a formal greeting or clarification of the physician's role. Given these observations, the conversation meets some, but not all, of the criteria for a higher score.",2,"The physician does not introduce themselves, clarify their role, or ask how to address the patient by name at the beginning of the conversation. The conversation starts with a casual ""Hey, Kevin. How's it going?"" which lacks a formal introduction. "
ELICITS SPECTRUM OF CONCERNS,4,"The physician initially inquires about the patient's general well-being and updates the medical history and then delves deeper into specific health behaviors, such as smoking, dental care, and general health changes. Throughout the conversation, the physician covers a range of topics but does not explicitly use the 'what else' technique to ensure all of the patient's concerns are surfaced. Secondary concerns related to the patient's health behaviors, like smoking and its impact on oral and general health, are discussed in detail, demonstrating a broad understanding of the patient's health status and concerns. There is a focus on smoking cessation, including strategies for quitting and potential nicotine replacement therapies. However, the physician could have probed for additional concerns more explicitly early in the conversation.",4,"The physician starts by asking open-ended questions, allowing the patient to share their concerns and news. The patient mentions their pregnancy and tobacco use, which the physician addresses by providing education on the risks of smoking and the benefits of quitting. The physician asks follow-up questions to understand the patient's motivations and triggers for smoking, and provides guidance on nicotine replacement products and medications. The physician also offers support and resources to help the patient quit smoking. However, the physician does not explicitly ask ""what else"" to elicit additional concerns, and the conversation is largely focused on the patient's smoking habit."
NEGOTIATES PRIORITIES & SETS AGENDA,4,"In this conversation, the interviewer (physician) goes beyond merely focusing on the patient's chief concern and actively engages with the patient to understand and prioritize his concerns. Initially, the physician celebrates the patient's personal news and updates the patient's history, subtly transitioning into a deeper conversation about the patient's tobacco use. This indicates the physician's broader focus on the patient's overall well-being rather than a narrow medical agenda. However, it's evident that the agenda setting in this discussion mostly revolves around smoking cessation, driven by the physician after identifying it as a priority through the conversation. While the patient's concerns are heard, and the agenda involves significant negotiation about smoking cessation strategies, there is no clear point where the physician lists all potential concerns at the outset and then explicitly sets and agrees to an agenda with the patient. The negotiation regarding smoking cessation is comprehensive, but it's also the primary focus, potentially overshadowing other health concerns or priorities the patient might have had. Given these observations, the interviewer falls short of fully meeting the criteria for a score of 5, as the conversation does not illustrate a moment where all concerns are listed upfront and an agenda is collaboratively set before moving forward.",5,"The physician does an excellent job of negotiating priorities of patient concerns, listing all of the concerns, and setting the agenda at the onset of the interview, obtaining the patient's agreement. The physician starts by asking open-ended questions to gather information about the patient's concerns, such as ""How's everything going for you?"" and ""Have you been having any problems since you were last here for your last visit?"" The physician then lists all of the patient's concerns, including the patient's desire to quit smoking, gum bleeding, tobacco stains on the teeth, and shortness of breath. The physician also explores the patient's motivation to quit smoking, including the upcoming birth of his child."
ELICITING THE NARRATIVE THREAD or the ‘PATIENT’S STORY’,5,"The interviewer, in this case, the physician, effectively encourages and supports the patient in sharing their concerns, life updates, and efforts to quit smoking. The physician asks open-ended questions such as 'How's everything going for you?' and 'Are you on any medications right now?' which invites the patient to elaborate on their situation without directing them towards a specific narrative endpoint. Throughout the conversation, the physician refrains from interrupting the patient's narrative, instead responding with empathy, congratulatory messages, and relevant follow-up questions that show active listening ('That's fantastic. Congratulations.', 'Okay. And how often have you been brushing?', 'Do you think you would want to quit, do you think?'). The physician takes the time to discuss different smoking cessation aids and strategies in depth, tailoring the conversation to the patient's experiences and expressed concerns. Even when introducing new topics related to the patient's health or smoking cessation options, the physician does so in a manner that builds upon the patient's previous statements, thereby maintaining a conversational flow rather than shifting to a direct Q&A format. Given the physician's approach of allowing the patient to share extensively while providing pertinent medical advice and emotional support within the conversational context, a score of 5 is merited.",5,"The physician allows the patient to share their story and concerns in a narrative format, encouraging them to discuss their health issues, including their smoking habit and desire to quit. The physician asks open-ended questions, listens attentively, and provides guidance and support without interrupting the patient's narrative thread. The conversation flows naturally, with the physician responding to the patient's concerns and providing relevant information about quitting smoking."
TIMELINE,3,"The interviewer (Physician) did not focus on establishing a timeline of the chief concern and history of the present illness regarding the patient's request to quit smoking. While the conversation detailed the patient's motivation and plans for quitting smoking, including a discussion about potential aids and strategies for cessation, specifics about the onset and chronological progression of the patient's smoking habit and previous attempts to quit were not clearly delineated. The Physician asked, ""Do you, do you, have you ever tried to quit before?"" and ""Why do you think that happened?"" but did not explore the detailed timeline of when these attempts occurred, how long they lasted, or what specific challenges were encountered beyond the patient's brief responses. This missed opportunity to create a clear chronology of the patient's smoking and quitting history means that while some information was obtained, it was not sufficiently detailed to establish a complete timeline of associated symptoms (withdrawal attempts), making it challenging to fully understand the patient's history with smoking cessation attempts. Therefore, the conversation is better aligned with a score of 3, indicating that some necessary information was obtained but not enough to form a complete chronology of the chief concern.",3,"The physician does not establish a clear chronology of the chief concern and history of the present illness. The conversation is more focused on the patient's general health, his desire to quit smoking, and the physician's advice on how to do so. While the physician asks about the patient's symptoms, such as shortness of breath, and his history of bronchitis, there is no clear timeline established for these events. The conversation jumps between different topics, including the patient's pregnancy, his job stress, and his smoking habits."
ORGANIZATION,5,"The conversation follows a logical order starting with casual greetings, updating the patient's history, and moving into a focused discussion on tobacco cessation. The discussion flows smoothly from personal updates, through medical history updates, to addressing the patient's tobacco use and exploring cessation options. The transition into discussing the patient's smoking habit, the implications for his health, the introduction of cessation methods, and planning for quitting is seamless. The Physician methodically addresses each of the patient's concerns, offering comprehensive advice while maintaining a conversational tone. The Physician skillfully navigates the conversation from general health inquiries ('Have you been having any problems since you were last here for your last visit?') directly into deeper investigations on specific concerns, demonstrating an effective use of time that ensures all necessary tasks, such as updating medical history and discussing tobacco cessation, are completed within the allotted time. Consequently, keeping in mind the effective and orderly progression of topics specific to the patient's circumstances,",5,"The physician's questions follow a logical order, starting with general health and well-being, then moving to specific health concerns, and finally focusing on the patient's smoking habits and desire to quit. The physician effectively uses the patient's responses to guide the conversation and provide relevant information and advice. The interview flows smoothly, and the physician allocates time efficiently to cover all necessary topics."
TRANSITIONAL STATEMENTS (only for complete histories),5,"The interviewer (Physician) utilizes transitional statements consistently throughout the interview, providing clarity and structure to the interview process. The transition from personal updates to medical history is signaled with, 'Before Kathy comes in to do your prophy, I wanted to just update your history.' This smoothly transitions the conversation from casual catch-up to medical inquiry. Further into the conversation, the transition to discussing smoking cessation is managed skillfully with statements relating smoking back to health and introducing the topic of quitting in a supportive manner: 'Quitting smoking is probably the best thing you could do for your health.' The discussion about smoking cessation options is also well transitioned, using the patient's expression of readiness to quit as a natural segue to explore different methods, 'Have you, you said you tried to quit cold turkey in the past. Have you ever used any of the tobacco cessation products?' These transitions help maintain the flow of the conversation, ensure patient understanding of the shift in topical focus, and keep the interview structured and goal-oriented.",5,"The physician uses transitional statements effectively throughout the interview, clarifying the interview's structure for the patient. The physician starts by congratulating the patient on his upcoming baby and then transitions to updating his history, saying ""Before Kathy comes in to do your prophy, I wanted to just update your history."" This sets the stage for the rest of the conversation. The physician then uses transitional statements to move from one topic to another, such as ""How about your general health?"" and ""Have you seen your physician recently?"" These statements help the patient understand the flow of the conversation and what to expect."
PACING OF INTERVIEW (not based on finishing on time),5,"The interview demonstrates excellent pacing and attentiveness on behalf of the physician. Throughout the conversation, the physician listens fully to the patient's responses without any interruptions, allowing the patient to elaborate on his thoughts, concerns, and experiences. There is a natural flow to the discussion, with no awkward pauses, and silence, when it occurs, is used effectively to allow the patient to gather his thoughts. For example, the physician asks open-ended questions like, 'How's everything going for you?' and 'Have you seen your physician recently?' allowing the patient ample space to respond thoughtfully. Moreover, the physician's responses and follow-up questions are directly related to the patient's input, such as when the patient mentions trying to quit smoking, the physician explores this further by inquiring, 'Do you, do you, have you ever tried to quit before?' and 'Why do you think that happened?', showing attentiveness to the patient's attempts and challenges in quitting smoking. The conversation progresses smoothly from personal updates to medical history updates, then to a focused discussion on smoking cessation, demonstrating a deliberate and thoughtful approach to the interview process.",5,"The physician demonstrates excellent attentiveness to the patient's responses, listening without interruption and allowing the patient to fully express their thoughts and concerns. The interview progresses smoothly, with the physician skillfully guiding the conversation to cover all necessary topics. The physician also uses deliberate silence effectively, allowing the patient to reflect on their thoughts and feelings. The pace of the interview is comfortable, with no awkward pauses or interruptions."
QUESTIONING SKILLS – TYPES OF QUESTIONS,5,"The interviewer, in this case, the physician, begins the conversation with generic open-ended questions like 'How's everything going for you?' This invites the patient to share a broad range of information, setting a friendly and open tone for the interaction. This approach establishes rapport and allows for a more detailed and patient-led divulgence of information. Later on, the physician transitions into more specific questions related to the patient's oral hygiene habits, general health, and specific behaviors like smoking, following the recommended structure of initiating a line of questioning with open-ended inquiries and then narrowing down to more specific ones. Given the nature of the conversation, the use of open-ended questions like 'How about your general health? Have there been any changes in your health since you were last here?' effectively leads to more specific follow-ups based on the patient's responses, such as inquiries about symptoms, frequency of brushing, and smoking habits. The physician's questions are purposeful, guiding the conversation to gather necessary health information without relying on leading, why, or multiple questions which could bias or overcomplicate responses. An example is transitioning from the patient's smoking habits to discussing smoking cessation in a supportive manner, facilitating a conversation about possible methods without imposing any single solution. The sequence and nature of the questions reflect a strategic approach to gathering comprehensive information while providing patient care and support, without the use of why questions, leading questions, or bundled multiple questions that could detract from the quality of information gathered or the patient's comfort in the interview. According to the criteria, the physician's approach to questioning would be rated highly.",5,"The physician starts the conversation with open-ended questions, such as ""How's everything going for you?"" and ""Have you been having any problems since you were last here for your last visit?"" These questions encourage the patient to share information and set the tone for the rest of the conversation. The physician then follows up with more specific questions to gather additional information. The conversation flows naturally, and the physician uses the patient's responses to guide the discussion."
QUESTIONING SKILLS - SUMMARIZING,5,"Throughout the conversation, the interviewer (Physician) consistently engages in summarizing the data obtained from the patient at various stages of the consultation. For example, when discussing the patient's attempt to quit smoking, the physician provides a comprehensive summary of possible cessation aids, explains how each works, mentions potential side effects, and advises on insurance coverage questions. The physician also involves summarizing the patient's triggers for smoking and offers strategies to cope with cravings. This methodical approach of summarizing the information not only at the end but also throughout each major line of inquiry (e.g., oral hygiene practice, general health update, smoking cessation efforts) effectively verifies and clarifies the information provided by the patient. Moreover, these summaries lead to actionable plans, such as setting a quit date and preparing for nicotine withdrawal, thereby supporting the patient's journey toward cessation. The physician's thoroughness in summarizing at various stages demonstrates the accurate, comprehensive gathering and reflection upon the information obtained, aligning with a score of 5 according to the provided criteria.",1,"The physician does not provide a clear summary of the data obtained during the interview. While the physician asks questions and provides guidance on quitting smoking, there is no explicit summary of the patient's history, concerns, or plans. The conversation is more of a discussion and guidance session rather than a traditional medical interview with a clear summary at the end."
QUESTIONING SKILLS - DUPLICATION,5,"Throughout the conversation, the physician carefully progresses through the patient's medical history, inquires about any changes in habits or health, and discusses the patient's tobacco use and attempts at cessation in a detailed and methodical manner. There's no evidence of unnecessary repetition or seeking information previously provided without the purpose of clarification or summarization. The physician's questions are aimed at understanding the patient's current situation, exploring the possibility of quitting tobacco use, suggesting methods for quitting, and establishing a support plan. Each question and follow-up builds appropriately on the information the patient supplies without circling back to topics already conclusively covered. Therefore, the conversation doesn't display a tendency for the interviewer (in this case, the physician) to repeat questions needlessly.",5,"The physician does not repeat questions unnecessarily and only seeks repetition for clarification or summarization. The conversation flows naturally, and the physician builds upon the patient's responses to provide guidance and support for quitting smoking. The physician asks follow-up questions to ensure understanding and provides additional information to address the patient's concerns."
QUESTIONING SKILLS - LACK OF JARGON,5,"Throughout the conversation, the physician mostly uses language that is easily understood by the patient, thereby avoiding medical jargon or explaining terms immediately when they do arise. For instance, terms like 'prophy' (short for prophylaxis, a preventive cleaning procedure), 'bronchitis,' 'nicotine replacement products,' 'Cantix,' and 'Zyban' are either commonplace enough for a layperson to understand or are sufficiently explained. The physician provides clear, layperson-friendly descriptions of various smoking cessation aids, health risks associated with smoking, and strategies for quitting. Despite a few instances of clinical terms, the physician's questions and responses are designed to be clear and easily digestible to the patient, effectively ensuring understanding and comfort. For example, when discussing 'Cantix' and 'Zyban,' the physician not only names these treatments but also describes their usage, helping demystify medical options for the patient.",5,"The physician uses language that is easily understood by the patient, avoiding medical jargon entirely or explaining any technical terms immediately. The conversation is patient-centered, and the physician takes the time to explain complex concepts, such as nicotine replacement products and medications, in a clear and concise manner. The physician also uses relatable examples and analogies to help the patient understand the risks associated with smoking and the benefits of quitting."
QUESTIONING SKILLS - VERIFICATION OF PATIENT INFORMATION (in vignette),5,"The interviewer (Physician) demonstrates a consistent effort to clarify, verify, and specify the patient's responses throughout the conversation, ensuring a comprehensive understanding of the patient's situation, habits, concerns, and motivations. The Physician consistently inquires about the patient's health, routines, and significant life changes, such as ""How's everything going for you?"" and ""Have there been any changes in your health since you were last here?"". These questions aim to verify the patient's current health status and any issues that need to be addressed. Moreover, the follow-ups like ""And how often have you been brushing?"" and ""Have you seen your physician recently?"" serve to clarify and specify the patient's practices and healthcare engagement. The Physician also delves into the patient's readiness and willingness to quit smoking by asking, ""Do you, do you, have you ever tried to quit before?"" and ""Is it something you're thinking about seriously at this point?"", thereby assessing the patient's motivation and previous attempts to change detrimental habits. Furthermore, when discussing potential quit aids, the Physician provides detailed information and asks for the patient's preferences, such as ""Okay. Would you recommend any particular one?"", ensuring the patient's choices are well-informed and tailored to their unique circumstances. The Physician's consistent and thorough approach in seeking clarification, verification, and specificity in the patient's responses and providing detailed, patient-centered counsel supports a score of 5.",3,"The physician does a good job of clarifying and verifying the patient's responses, especially when discussing the patient's smoking habits and triggers. The physician asks follow-up questions to gather more information, such as ""Why do you think that happened?"" when the patient mentions trying to quit cold turkey in the past. The physician also seeks specificity when discussing the patient's plans to quit smoking, asking about potential triggers and how the patient plans to cope with them."
INTERACTIVE TECHNIQUES,5,"This conversation demonstrates a balanced mix of patient-centered and physician-centered interviewing styles, promoting a collaborative partnership between the patient and the doctor. The physician starts by expressing interest in the patient's life (""How's everything going for you?"") and congratulating him on his personal news, which establishes a patient-centered approach by showing care beyond medical issues. The dialogue transitions smoothly into updating the patient's medical history in a manner that allows the patient to lead the conversation but is guided by the physician's specific questions (""Have you been having any problems since you were last here for your last visit?""). The discussion about smoking cessation is particularly notable; the physician offers information and options without dictating a specific course of action, asking for the patient's input and preferences (""Okay, all right. Have you, you said you tried to quit cold turkey in the past. Have you ever used any of the tobacco cessation products? Are you aware of any of those?""). This encourages the patient to actively participate in decision-making regarding his health. The use of open-ended questions and the encouragement of the patient's input exemplify a patient-centered approach, while the introduction of medical advice and options for smoking cessation reflects a physician-centered style when necessary for effective care. The physician's efforts to empower the patient to take actionable steps towards quitting smoking, setting a quit date, and suggesting coping mechanisms cater to a negotiated agenda, embodying the qualities of a collaborative partnership.",3,"The interviewer uses a patient-centered approach at the beginning of the conversation, asking open-ended questions and allowing the patient to share their news and concerns. The interviewer also shows empathy and congratulates the patient on their pregnancy. However, as the conversation progresses, the interviewer starts to take more control, asking more directed questions and providing education on quitting smoking. While the interviewer still acknowledges the patient's concerns and provides support, the conversation becomes more physician-centered."
VERBAL FACILITATION SKILLS,5,"The interviewer (Physician) consistently used facilitative skills throughout the conversation with the patient, effectively engaging and encouraging the patient in multiple aspects. The Physician opened the conversation with friendly greetings, expressing pleasure at seeing the patient again and showing interest in their life developments ('Hey, Kevin. How's it going? It's really good to see you.'). This approach set a positive, supportive tone for the entire dialogue. Furthermore, the Physician provided verbal encouragement and praise, particularly in response to the patient's efforts to cut back on smoking ('That's great. That's fantastic.') and their consideration to quit for the welfare of their upcoming baby. The Physician engaged in active listening, echoing the patient's sentiments ('That's terrific.') and responded with personalized advice tailored to the patient's situation, showing depth of engagement and encouragement. Moreover, the Physician offered specific, actionable advice and emotional support to help the patient quit smoking, emphasizing the importance of support systems and acknowledging the patient's readiness and determination ('It sounds like you might be at that point.'). The dialogue was filled with instances of verbal encouragement and engagement, as the Physician navigated the conversation sensitively, providing a space for the patient to express concerns and questions, which the Physician addressed comprehensively. Based on these observations, the Physician's use of verbal encouragement and facilitation skills to engage the patient is exemplary, meeting the criteria for a score of 5.",5,"The physician demonstrates excellent verbal facilitation skills throughout the conversation. They consistently encourage the patient to share their story and participate in the conversation using verbal encouragement, short statements, and echoing techniques. The physician praises the patient for their engagement and correct healthcare practices, such as their good oral hygiene habits. They also use open-ended questions to encourage the patient to elaborate on their experiences and feelings."
NON-VERBAL FACILITATION SKILLS,This conversation cannot be accurately scored for non-verbal communication without descriptive non-verbal cues or behaviors.,"The conversation text fundamentally lacks direct references to the physician's non-verbal communication skills, such as eye contact, body language, facial expressions, physical barriers, or appropriate physical contact, as it mainly outlines a dialogue without describing the visual or physical interaction context. Without explicit descriptions of the physician's non-verbal behaviors, it's challenging to accurately assess these aspects and give a score based on the provided criteria. Thus, the scoring would be speculative and not grounded in the specific details of the interaction as described.",5,"The physician demonstrates excellent non-verbal communication skills throughout the conversation. They maintain good eye contact, use relaxed and open body language, and display appropriate facial expressions. The physician eliminates physical barriers by sitting comfortably and not crossing their arms or legs, which would create a defensive posture. They also use appropriate physical contact, such as a gentle tone and a friendly demeanor, to put the patient at ease."
EMPATHY AND ACKNOWLEDGING PATIENT CUES,5,"Throughout the conversation, the physician demonstrated a high level of empathy and support toward the patient, especially regarding the patient's emotions and decision to quit smoking. The physician starts with a positive tone, acknowledging the patient's good news about expecting a baby and reinforcing the patient's capacity to be a great father. The physician then skillfully transitions into discussing the patient's health concerns, specifically addressing the patient's oral health and the broader impact of his smoking habit. When the patient expresses the desire to quit smoking, especially considering the upcoming addition to his family, the physician provides encouragement, information on cessation methods, and strategies to handle cravings and triggers. The physician uses supportive comments, such as 'That's fantastic' in response to the patient's news about expecting a baby, and 'I've known you a long time, Kevin, so I have no doubt you're going to be a great dad.' These statements, along with offering a realistic yet optimistic perspective on quitting smoking ('It often takes them several attempts before they finally do quit. The important thing is that you've tried...'), showcase the NURS (name, understand, respect, support) approach. Furthermore, the physician offers practical advice, anticipates challenges the patient might face, and ensures the patient knows they have support in this process. The conversation demonstrates a warm, empathic, and patient-centered approach throughout.",5,"The physician demonstrates empathy and support throughout the conversation. They start by congratulating the patient on their pregnancy and showing genuine interest in their life. When discussing the patient's smoking habit, the physician avoids being judgmental or critical, instead focusing on the benefits of quitting and offering helpful advice and resources. They acknowledge the patient's past attempts to quit and express understanding of the challenges they may face. The physician also provides personalized guidance and suggestions, such as keeping a log of cravings and finding healthy distractions, to help the patient overcome their addiction. They offer reassurance and encouragement, emphasizing that quitting is a process and that it's okay to make mistakes."
PATIENT’S PERSPECTIVE (BELIEFS; Case specific),5,"The physician thoroughly elicits the patient’s perspectives and feelings regarding his smoking habit and its impact on his health and his family, particularly with the upcoming arrival of his baby. The conversation covers the patient's past quit attempts, his motivations for wanting to quit (ideas about cause and function), and his expectations (desire to quit before the baby is born). The physician inquires about triggers and offers a detailed plan for quitting, discussing both pharmaceutical aids and behavioral strategies. They also address potential obstacles and emphasize the importance of support. Throughout the conversation, the physician is attentive to the patient's concerns, provides comprehensive information about cessation options, and is supportive of the patient's decision-making process. This engagement effectively covers the patient's Feelings, Ideas, Function, and Expectations (FIFE) regarding his smoking habit and cessation efforts.",5,"The physician does an excellent job of eliciting the patient's perspectives, including their beliefs about the beginning of the illness, their feelings, ideas of cause, function, and expectations (FIFE). The physician actively addresses these beliefs and provides guidance and support to help the patient quit smoking. The physician asks open-ended questions, such as ""How's everything going for you?"" and ""What triggers your desire to smoke?"" to encourage the patient to share their thoughts and feelings. The physician also provides education on the risks of smoking and the benefits of quitting, and offers suggestions for coping mechanisms and support systems."
IMPACT OF ILLNESS ON PATIENT AND PATIENT’S SELF-IMAGE,5,"The interviewer extensively acknowledges the impact of the patient's smoking habit on his life, self-image, and anticipates its future impact on his family, especially with a baby on the way. The physician explores the patient's previous attempts to quit smoking, discusses the triggers and obstacles to quitting, and provides a detailed plan including options for nicotine replacement and prescription medications. Additionally, practical coping strategies and support mechanisms are suggested to assist the patient in his quit attempt. A follow-up plan is established, indicating ongoing support for the patient's journey to quit smoking. The physician's comprehensive approach to addressing the patient's smoking habit, considering its impact on his health and family life, and providing counseling and resources to help, meets the criteria for a score of 5.",3,"The physician explores the effects of the illness (smoking) on the patient's life and self-image partially. The physician acknowledges the patient's desire to quit smoking, especially with the upcoming birth of his child, and provides guidance on how to overcome the addiction. The physician also discusses the risks associated with smoking and the benefits of quitting. However, the physician does not delve deeper into the emotional or psychological aspects of the patient's smoking habit, such as how it affects his self-esteem or relationships."
IMPACT OF ILLNESS ON FAMILY,1,"The conversation extensively covered the patient's smoking habits and intentions to quit smoking in anticipation of a new baby, but there was no explicit inquiry or exploration of the structure of the patient’s family beyond the mention of the wife and upcoming baby. Likewise, the physician did not explicitly explore the impact of the patient’s illness or treatment on the family, beyond acknowledging the necessity for the patient to quit smoking for the baby's health. The physician's advice and discussion mostly centered around the patient's health, smoking cessation techniques, and the effects of secondhand smoke on the baby. While the health of the baby in relation to secondhand smoke was briefly addressed (""And for your baby, that could cause some problems too, could cause some, you know, breathing problems, ear infections, things like that.""), there was a lack of deeper probe into adjusting family lifestyle to accommodate the patient’s health condition or the specific ways the family might be affected or could support the treatment. Therefore, the conversation does not fully explore the role and impact on the family, nor does it inquire about family structure or dynamics in depth.",5,"The physician addresses the impact of the patient's illness (smoking) on their family by acknowledging the patient's motivation to quit smoking due to the upcoming birth of their child. The physician also recognizes the potential risks of secondhand smoke to the baby and the importance of quitting for the patient's family. The physician explores these issues in detail, discussing the benefits of quitting smoking for the patient's health and their family's well-being. The physician also involves the patient's wife in the quit plan, suggesting that the patient let her know about their quit attempt and enlist her support."
SUPPORT SYSTEMS,3,"The interviewer effectively explores the patient's support systems in the context of his intent to quit smoking, primarily focusing on the emotional and some aspects of community resources. The physician inquires about the patient's support network by asking, ""Do you have support?"" to which the patient responds affirmatively, mentioning his wife's role in encouraging him to quit smoking. However, there is no explicit mention of financial support or access to healthcare aside from the discussion about the cost of cessation aids and insurance coverage, and other resources available to the patient and family are not comprehensively addressed beyond quitting aids and community support. Therefore, while the interviewer does a good job of uncovering some layers of the patient’s support system, other aspects, such as financial support specifics and broader community resources, are not fully explored.",3,"The physician explores the patient's support systems to some extent, but not thoroughly. The physician asks about the patient's wife and her support, which is a positive aspect. However, the physician does not delve deeper into other potential sources of emotional support, such as friends, family members, or support groups. Additionally, the physician does not discuss financial support or access to healthcare resources that may be available to the patient."
PATIENT’S EDUCATION & UNDERSTANDING,5,"The physician in this conversation takes a thorough and considerate approach towards patient education and ensuring the patient's understanding, particularly concerning smoking cessation. The interviewer determines the patient's interest in quitting smoking and readiness to do so, then provides tailored education accordingly. Notably, the physician explains the various options available for quitting, including the use of medications like Cantix and Zyban, and nicotine replacement therapies such as patches, gum, and lozenges. They discuss the effectiveness, personal preference, potential side effects, the importance of insurance coverage, and the cost of these treatments. Further, the physician employs the 'teach back' method by inquiring if the patient has understood the information and asks for the patient's thoughts on setting a quit date, indicating a check on the patient's understanding. The physician also delves into strategies to combat cravings and triggers, suggests keeping a log of smoking patterns, and encourages the formulation of a support system. Lastly, the physician plans a follow-up to monitor progress, showing an intent to continue supporting the patient's understanding and application of the discussed information. As the conversation covers determining the patient's interest, providing tailored education, checking the patient's understanding through teach-back methods, and planning follow-ups, it exemplifies a comprehensive approach to patient education and understanding assessment.",3,"The physician makes a good effort to educate the patient about the risks of smoking and the benefits of quitting. The physician explains the different methods available to help the patient quit, including nicotine replacement products and medications, and discusses their potential side effects. The physician also provides guidance on how to overcome cravings and stay motivated to quit. However, the physician does not use the teach-back method to check the patient's understanding of the information provided. The physician asks the patient if they have any questions, but does not ask the patient to repeat back what they have learned or to demonstrate their understanding of the material."
ASSESS MOTIVATION FOR CHANGES,5,"The interviewer effectively inquires how the patient feels about making lifestyle changes, specifically regarding quitting smoking and improving oral hygiene practices. They not only provide detailed information appropriate to the patient’s level of readiness but also engage in exploring the patient's previous experiences and challenges with quitting smoking. The interviewer offers a comprehensive explanation of various cessation methods, including describing how each works, potential side effects, and cost implications. They delve further into planning by discussing triggers, cravings, and strategies to handle these effectively. Additionally, the doctor ensures the patient is aware of the support system's importance and encourages setting a quit date, thereby demonstrating a thorough follow-up plan. This approach adheres to providing information tailored to the patient’s readiness to change and ensuring the patient feels supported throughout the process. ",5,The physician demonstrates a high level of motivation assessment and tailoring of information and suggestions based on the patient's level of readiness. The physician:
ADMITTING LACK OF KNOWLEDGE,N/A,"Throughout the conversation, there was no moment where the physician expressed or demonstrated a lack of knowledge regarding questions or topics discussed with the patient. The physician provided comprehensive responses to all of the patient's inquiries, including details on quitting smoking, the effects of smoking, and various cessation methods. The physician seemed well-informed about the effects of smoking, available cessation aids (e.g., nicotine replacement therapy, prescription medications like Cantix and Zyban), and strategies to manage cravings and triggers. At no point did the physician make up answers or fail to refer to other resources for accurate information. Therefore, based on the content of the conversation shared, assigning a score outside of the specified parameters is necessary as the situation described in the grading criteria was not encountered.",5,"The physician demonstrates a willingness to admit a lack of knowledge and seeks accurate information when needed. Although there are no instances where the physician explicitly says ""I don't know,"" they do ask clarifying questions and provide explanations based on their knowledge and expertise. For example, when the patient asks about the new pill to help people quit smoking, the physician responds by explaining what they know about Cantix and other nicotine replacement products. The physician also provides guidance on how to quit smoking, including setting a quit date, identifying triggers, and finding distractions. They offer resources, such as a pamphlet, and suggest follow-up calls to support the patient's quit attempt."
INFORMED CONSENT FOR INVESTIGATIONS & PROCEDURES,4,"The interviewer (Physician) extensively discusses the procedure of quitting smoking, including the use of various cessation aids like patches, gums, lozenges, and prescription medications (Cantix and Zyban), indicating their purpose and nature. The Physician reviews foreseeable benefits (like improved health and reduced risk for diseases associated with smoking) and risks or side effects associated with each cessation method. Alternatives to prescription medications are disclosed, including over-the-counter nicotine replacement products, and taking no action is implied to be an alternative by discussing the consequences of continued smoking. Despite the detailed discussion on methods to quit smoking, including behavioral strategies and support systems, the Physician does not explicitly state ""taking no action"" as an alternative in the dialogue, which slightly deviates from the criteria for a score of 5. However, the conversation implicitly covers this by detailing the consequences of continuing smoking. Thus, although the discussion is thorough and covers the significant aspects required for informed consent, the slight omission of explicitly stating 'taking no action' as an alternative leads to a minor deduction.",5,"The physician discusses the purpose and nature of quitting smoking, reviews foreseeable risks and benefits, discloses alternatives including their risks and benefits, and mentions that taking no action is always an alternative. The physician explains the risks associated with smoking, such as lung disease, heart attack, stroke, and cancer, and the benefits of quitting, including improved health and energy. The physician also discusses various methods to quit smoking, including nicotine replacement products and medications, and explains their potential side effects. The physician encourages the patient to set a quit date and provides guidance on how to prepare for it, including cleaning out ashtrays, getting rid of cigarette lighters, and letting people know about the quit attempt. The physician also offers support and resources, such as a pamphlet and a follow-up call, to help the patient succeed in quitting smoking."
ACHIEVE A SHARED PLAN,5,"The interviewer (Physician) not only discusses the diagnosis and/or prognosis related to the patient's smoking habits and its effects on health but also meticulously negotiates a plan with the patient, Kevin, for quitting smoking. The Physician thoroughly invites Kevin to contribute his own thoughts, ideas, suggestions, and preferences throughout the process. For example, the Physician asks, 'Do you, do you, have you ever tried to quit before?' and 'Is it something you're thinking about seriously at this point?' which shows an invitation for the patient to share their experiences and commitment. Furthermore, the Physician tailors the quitting strategy to Kevin's specific needs and preferences, as evident when discussing various cessation methods, setting a quit date, and preparing for potential challenges. This illustrates a high degree of patient involvement in the planning process. Hence, I assign a score of 5.",5,"The physician effectively discusses the diagnosis and prognosis with the patient, inviting the patient to contribute their own thoughts, ideas, suggestions, and preferences. The physician starts by congratulating the patient on their pregnancy and then updates the patient's history, asking about any problems or changes in their health since the last visit. The physician then focuses on the patient's smoking habit, explaining the risks associated with smoking and the benefits of quitting. The physician presents various options for quitting, including nicotine replacement products and medications, and discusses their safety and potential side effects. The physician also helps the patient identify triggers for smoking and develops a plan to overcome them. The physician sets a quit date with the patient and provides resources and support to help them succeed."
ENCOURAGEMENT OF QUESTIONS,4,"Throughout the conversation, the Physician actively engages in the patient's concerns, providing a comprehensive consultation on smoking cessation, without specific prompts for the patient to ask questions until the conclusion of this extensive dialogue. However, at the very end of their encounter, the Physician opened the floor for inquiries with 'Any questions that you have at this point?' and assured the patient of ongoing support, 'please make sure to give me a call.' This gesture signifies encouragement for the patient to address any uncertainties or require further clarification. Based on the defined criteria and despite the Physician's interactive and supportive approach throughout, the explicit encouragement for questions was presented only once and towards the interview's conclusion. Hence, this corresponds to a scenario where 'only one opportunity at the end' is provided for the patient to bring up questions.",4,"The physician encourages the patient to ask questions throughout the interview, but only provides one opportunity for the patient to ask questions at the end of the encounter. The physician asks, ""Any questions that you have at this point?"" which is a general open-ended question. However, the patient does not have any questions at that moment. The physician also provides some opportunities for the patient to discuss additional points, such as when they ask about the patient's triggers for smoking and how they plan to deal with cravings. The climate and pace of the interview are conducive to the patient asking questions, but the physician could have provided more explicit opportunities for the patient to ask questions."
CLOSURE,4,"The closure of the interview effectively provides a clear and detailed plan for the future, addressing what both the physician and the patient will do. The physician outlines the patient's next steps, including preparing for a quit date, trying nicotine replacement products, and informing friends, family, and co-workers about the quitting process. Additionally, the physician plans to follow up with the patient a couple of days after the quit date, and offers support for any questions or needs that may arise. The time of the next communication is also specified ('I'll plan on calling you, say, within a couple of days after your actual quit date'). This detailed planning and the provision of support materials (like pamphlets and a button) aim to equip the patient with resources necessary for quitting smoking. However, the definitive plans for the patient's immediate next medical steps or follow-ups specific to the physician's office are not fully explained, such as the exact nature of ongoing medical support besides the call.",5,"The physician effectively closes the interview by specifying future plans, including actions to be taken by both the physician and the patient. The physician sets a quit date for the patient, provides guidance on how to prepare for quitting, and offers support and resources to help the patient overcome nicotine addiction. The physician also schedules a follow-up call to check on the patient's progress and offers to answer any questions the patient may have."
