,score,explanation,score_together,explanation_together
OPENING,5,"In the conversation, the physician greets the patient and introduces themselves by name, 'Hi. My name is Amy.' They also correctly identify the patient's name, 'Mr. Smitherson, is that correct?' and adjust how to address them based on the patient's preference, 'You can call me Tom.' Furthermore, the physician informs the patient about their role, 'I'm a second-year medical student.' This introduction contains all the key elements: personal introduction, checking the patient's name and preference for how to be addressed, and clarifying their role. Therefore, this conversation meets the criteria for a full introduction.",5,"The physician introduces themselves, clarifies their role as a second-year medical student, and asks how to address the patient, using the patient's name (""Mr. Smitherson, is that correct?""). This meets all the criteria for a full introduction, so the score is 5."
ELICITS SPECTRUM OF CONCERNS,5,"The interviewer (Physician) effectively elicits the patient's full spectrum of concerns by directly asking if there are any other concerns the patient would like to discuss, right after confirming the patient's primary concern about quitting smoking. This question, 'Okay. So besides your concern about quitting smoking, do you have any other things that you would like to speak about today?' opens the door for the patient to share additional issues if present. The patient confirms that quitting smoking is the primary concern and does not bring up other health concerns, demonstrating the interviewer did their due diligence in exploring the possibility of other issues. Furthermore, throughout the conversation, the interviewer maintains a focus on understanding the depth of the patient's smoking habit while also considering the patient's health, social history, and the psychological impacts of the patient's family situation, especially the father's lung cancer diagnosis. This thorough approach embodies the essence of eliciting a full spectrum of concerns, even though the conversation extends beyond the first 3-5 minutes and covers various topics. The technique and pacing employed suggest a thorough inquiry into the patient's health, aligning with the principle of fully exploring the patient's concerns.",4,"The physician asks the patient about their concerns and elicits their main concern about quitting smoking. The physician then asks ""besides your concern about quitting smoking, do you have any other things that you would like to speak about today?"" which is a good open-ended question to explore other potential concerns. The patient responds that there is no other concern, but the physician continues to ask questions and gather information about the patient's medical history, social history, and lifestyle. Although the physician does not repeatedly ask ""what else"" to elicit all the patient's concerns, they do ask follow-up questions and explore different areas of the patient's life, which suggests that they are trying to gather a comprehensive understanding of the patient's situation. "
NEGOTIATES PRIORITIES & SETS AGENDA,3,"The physician begins by confirming the patient's primary concern (quitting smoking) and expands to gather comprehensive background information, including medical, family, and social history. They also touch upon the patient's current health behaviors, such as vitamin intake and cessation attempts. However, the negotiation of priorities and setting of an agenda with the patient's input appears later in the encounter rather than at its start. The physician does ask if there are any other concerns the patient wishes to discuss early on, indicating an openness to addressing multiple concerns. The detailed plan for smoking cessation, including setting a quit date, modifying environmental triggers, enlisting social support, and discussing medication options with a clear follow-up plan, demonstrates a well-considered approach to the patient's primary concern. Nonetheless, this comprehensive plan is developed throughout the conversation rather than being clearly negotiated and agreed upon at the beginning. Therefore, while the physician effectively addresses the patient's concern and involves them in the planning, the negotiation of priorities and explicit agenda setting with the patient's agreement at the outset isn't fully evident.",5,"The physician sets the agenda at the onset of the interview, obtaining the patient's agreement, and negotiates priorities of patient concerns. The physician asks the patient about their concerns and priorities, ""So besides your concern about quitting smoking, do you have any other things that you would like to speak about today?"" and ""If anything comes up, you can just stop me or just remember for later. Sound good?"" This shows that the physician is willing to adapt the agenda to the patient's needs and priorities. The physician also summarizes the plan and asks the patient to repeat it back, ensuring that the patient understands and agrees with the plan. This demonstrates effective negotiation of priorities and setting of the agenda."
ELICITING THE NARRATIVE THREAD or the ‘PATIENT’S STORY’,3,"Throughout the interaction, the interviewer, a second-year medical student named Amy, maintains a detailed and engaging conversation with the patient, Tom, about his health concern, which is smoking cessation. Amy directs the discussion with a series of questions regarding Tom's health, social habits, and background information, but crucially, she listens attentively to Tom's responses, frequently allowing him to narrate his experiences without interruption. Notably, the interviewer uses the information provided by Tom to weave a comprehensive assessment and formulate a personalized plan for smoking cessation. While the conversation is structured around gathering specific information and outlining treatment options, ample space is given for Tom to share his thoughts, concerns, and motivations. The interviewer successfully integrates Tom's input into the consultation process, thereby maintaining a balance between guiding the conversation and facilitating the patient's full participation. However, the structured nature of the consultation, necessary for a complete medical assessment and planning, means that while Tom has the opportunity to express himself, the interaction includes focused questions that slightly interrupt the flow of a free narrative thread. Thus, based on the criteria, this conversation showcases the interviewer's good practice of allowing the patient to talk about his problem with only occasional, purposeful interruptions to maintain focus and relevance.",3,"The physician generally allows the patient to talk and share their concerns, but occasionally interrupts with focused questions or introduces unrelated topics. The conversation is mostly structured around the physician's questions, and the patient is not given complete freedom to share their narrative thread. The physician does a good job of summarizing the patient's concerns and creating a plan, but the conversation is more Q&A style than a conversational flow."
TIMELINE,3,"The interviewer, in this case, did establish some timeline related to the patient's smoking history, specifically asking, ""With regards to your smoking, when exactly did you start smoking?"" and ""How many cigarettes do you smoke on a given day?"" followed by ""Have you ever considered quitting in the past, or did you ever quit in the past?"" These questions help establish when the patient began smoking and their past attempts to quit, highlighting an understanding of the patient's relationship with smoking over time. However, the interviewer did not delve deeply into establishing a chronology for any health issues directly stemming from smoking besides the mention of the patient's father's lung cancer motivating the current desire to quit. While the timeline regarding smoking history was somewhat explored, there was a lack of depth in understanding the direct impact of smoking on the patient's health over time or the progression of their desire to quit prior to the current motivation. The focus swiftly moves to planning for cessation without exploring the broader history of present illness directly tied to smoking, such as any symptoms or health concerns specifically caused by smoking in the patient's past. Therefore, while some necessary information to establish a timeline was obtained, a complete chronology for all associated health concerns and events was not fully explored.",3,"The physician does not establish a clear chronology of the chief concern and history of the present illness. The conversation jumps between different topics, such as the patient's medical history, social history, and knowledge of smoking, without a clear structure or sequence. The physician does not ask specific questions to clarify the onset, progression, or fluctuations in the patient's symptoms, nor does she summarize the patient's history to ensure understanding. While the physician does ask some open-ended questions, they are not targeted to establish a clear timeline of the patient's concerns. "
ORGANIZATION,5,"The interviewer, in this case, outlined a clear agenda at the beginning of the conversation and followed a logical order throughout the interview, effectively addressing the patient's main concern of quitting smoking. The interviewer touches on the patient's current health status, medication use, reasons for taking certain supplements, and delves into the patient's smoking habits, past attempts to quit, and motivation for wanting to quit now. They then transition into the patient's medical, family, and social history before discussing potential quit strategies, which include both behavioral changes and medication options. Each question builds upon the information previously provided by the patient, allowing for a comprehensive plan to help the patient quit smoking. Given the interviewer's ability to cover a wide range of topics in an organized manner, effectively using the time allotted to create a detailed and tailored plan for the patient, this conversation would score a 5.",5,"The physician's questions follow a logical order, and the interview flows smoothly from one topic to another. The physician starts by introducing herself and explaining the agenda for the interview, which helps to establish a rapport with the patient. The questions then progress from general health status to specific symptoms, medical history, family history, social history, and finally, the patient's knowledge of smoking and its effects. The physician also takes the time to explain the plan to quit smoking, including the use of medication, and addresses the patient's concerns about weight gain and the effectiveness of the treatment."
TRANSITIONAL STATEMENTS (only for complete histories),5,"The interviewer, in this case, the physician, uses transitional statements effectively throughout the interview, guiding the patient from one topic to the next with clear explanations for each shift. The introduction to the interview sets the expectation for what topics will be covered (""So I'm just going to give you a brief on what things we'll go through today...""). Each transition into new sections of the history is marked with indicating questions or statements, such as moving to the smoking history (""With regards to your smoking, when exactly did you start smoking?"") and the plan for quitting smoking (""So now we can actually form a plan together as to how you're going to go about quitting smoking.""). These transitions help the patient understand the structure of the interview and the rationale behind moving from one subject area to another, maintaining a coherent and purposeful dialogue. Despite the length and detail of the interview, the interviewer maintains clarity and organization, effectively contextualizing each section for the patient.",5,"The physician uses effective transitional statements throughout the interview, clarifying the interview's structure for the patient. For example, ""So I'm just going to give you a brief on what things we'll go through today. So I'll start off by asking you questions about your current medical history, and then your past medical history, family history, social history. Get to know what you know about smoking and its effects on your body, and then we'll go through a plan."" This statement helps the patient understand the flow of the conversation and what to expect. Additionally, the physician uses transitional phrases such as ""Okay, so"" and ""All right"" to move from one topic to another, making the conversation feel more cohesive and organized. The physician also summarizes the plan at the end of the conversation, ensuring the patient understands the next steps. Overall, the physician's use of transitional statements is effective in guiding the conversation and keeping the patient informed."
PACING OF INTERVIEW (not based on finishing on time),5,"The interviewer (Physician) demonstrates a highly attentive and patient-centric style throughout the conversation. The physician introduces herself politely and asks for permission to address the patient by his preferred name, which establishes a respectful tone from the start. Throughout the interview, the physician listens attentively to the patient’s responses, allowing Tom (the patient) to fully express his thoughts and concerns without interruption. This is exemplified when Tom shares personal challenges, such as his father's lung cancer diagnosis and his own smoking habits. The physician responds with empathy ('Sorry to hear about that.') and encourages the patient to elaborate on his concerns by asking open-ended questions like, 'How many cigarettes do you smoke on a given day?' and 'Can I ask you how exactly that happened during your senior year?'. The physician uses silence effectively, allowing space for the patient to introduce new information at his own pace, which is especially noticeable when discussing sensitive topics like the patient’s education and family health history. The interview progresses smoothly without any awkward pauses, effectively facilitating a thorough exploration of the patient's medical history, current health status, and readiness to quit smoking. In addition, the physician outlines a plan for quitting smoking, incorporating the patient’s feedback and ensuring understanding by asking the patient to repeat back the plan, confirming effective communication and mutual understanding. Therefore, this interaction deserves the highest score.",5,"The physician demonstrates attentiveness to the patient's responses, listens without interruption, and the interview progresses smoothly without awkward pauses. The physician uses silence deliberately to allow the patient to continue speaking and to process their thoughts. The physician also summarizes the patient's concerns and plan at the end of the interview, ensuring that the patient understands the plan and has no further questions or concerns."
QUESTIONING SKILLS – TYPES OF QUESTIONS,3,"The interviewer primarily begins with specific and direct questions like 'How old are you, Tom?' and 'Do you take any medications or any vitamins?' which narrows the patient's responses from the start. Although there are attempts to explore topics broadly, such as asking about the patient's knowledge of smoking and its effects, many opportunities to elicit open, patient-led discussion are overlooked in favor of gathering specific factual information or confirming details. The interviewer does transition into more open-ended inquiry later, but the approach remains mixed, with a focus on confirmation and clarification ('So kind of like peer pressure and kind of influence.' and 'Do you have any history of alcohol use or recreational drug use?') rather than exploration or broad open-ended questions that would prompt patient narratives. Furthermore, there's a notable reliance on close-ended questions for critical areas of the patient's life and health, which could potentially limit the depth of information gathered (e.g., verifying information already provided rather than exploring new topics). While the interviewer displays a structured and comprehensive approach to understanding the patient's situation and providing a treatment plan, the use of open-ended questions to initiate major lines of inquiry is inconsistent, and there's an occasional slide into multiple questions within the same breath, which can overwhelm or direct the patient's responses unduly.",5,"The physician starts the conversation with open-ended questions, such as ""Can you describe what a typical day looks like for you now, considering your current health?"" and ""What specific times do you find yourself needing to take these breaks?"" This allows the patient to provide information freely and sets a patient-centered tone for the conversation. The physician also uses specific and direct questions to gather detailed information, such as ""How many cigarettes do you smoke on a given day?"" and ""What is your level of education?"" The sequence of questioning is logical and well-organized, moving from general health status to specific habits and behaviors."
QUESTIONING SKILLS - SUMMARIZING,5,"In this detailed transcript, the interviewer (physician) effectively summarizes the data obtained at various points throughout the conversation, ensuring that the patient's information is correctly understood and agreed upon. Notable instances include, summarizing the patient's current health situation, smoking habits, family history, and plans for quitting smoking. For instance, the physician summarizes the patient's intent and past attempts to quit smoking, his family's health history, and his current health status and concerns. Towards the end, the physician also confirms the entire plan to quit smoking, asking the patient to repeat it back, which the patient does successfully. This extensive summary touches upon all major aspects discussed during the interview, verifies and clarifies information accurately, and provides clear opportunities for any corrections or additional details, meeting the criteria for a score of 5.",5,"The physician summarizes the data obtained during the interview at the end of the conversation, verifying and clarifying the information with the patient. The physician restates the patient's medical history, including the lack of remarkable medical history, the father's diagnosis with lung cancer, and the patient's current smoking habits. The physician also summarizes the plan to quit smoking, including picking a quit date, removing reminders of smoking, and using medication such as Chantix. The physician ensures that the patient understands the plan and addresses any concerns or questions the patient may have. This summary helps to ensure that the patient and physician are on the same page and that the patient is committed to the plan."
QUESTIONING SKILLS - DUPLICATION,5,"Throughout this detailed conversation, the interviewer (Physician) adeptly navigates through various topics pertinent to the patient's health history and concern about quitting smoking without unnecessarily repeating questions. Each instance where information is revisited serves a clear purpose of either clarifying, confirming, or expanding upon previously discussed topics. For example, when revisiting the patient's use of vitamin D or the cause for starting smoking, the physician builds on this data to deepen the understanding of the patient's situation rather than asking out of forgetfulness or oversight. This demonstrates an effective tracking of patient information and an efficient use of repetition to enrich the dialogue rather than redundancy. Hence, this conversation exemplifies a structured and thoughtfully navigated medical interview that aligns perfectly with achieving a score of 5, indicating no unnecessary repetition of questions and showcasing excellent information management.",5,"The physician does not repeat questions unnecessarily and only seeks repetition for clarification or summarization. The physician actively listens to the patient's responses and builds upon the information provided, demonstrating a clear understanding of the patient's concerns and medical history. The physician also uses repetition strategically to ensure accuracy and confirm the patient's understanding of the plan. For example, the physician summarizes the plan at the end of the conversation, asking the patient to repeat it back to ensure understanding. This approach shows that the physician is tracking the patient's information attentively and using repetition purposefully to enhance the quality of the medical interview."
QUESTIONING SKILLS - LACK OF JARGON,5,"Throughout the conversation, the physician maintained a clear, easy-to-understand dialogue without delving into unnecessary medical jargon, ensuring the patient could follow along. For example, the physician clarified the treatment planning in simple terms, such as explaining the purpose of setting a quit date and detailing the steps for preparing to quit smoking. Specifically, phrases like 'pick a date to be your last day of smoking' and 'remove anything that reminds me of smoking' exemplify this clarity. Furthermore, when introducing the medication option ('Shantix'), the explanation was straightforward, focusing on its utility without overwhelming the patient with overly scientific details. Even when discussing behavioral changes and support strategies, the conversation stayed grounded in everyday language. There were a few instances of medical terms, such as when discussing 'Shantix' and referring to 'nicotine gums, nicotine inhalers, patches', but these were explained in a context easily grasped by the patient. The avoidance of medical jargon, coupled with the thorough explanations and step-by-step plan, supported a comprehensive understanding for the patient. Therefore, this conversation maintained an excellent balance of simplicity and informativeness suitable for patient understanding.",5,"The physician uses clear and patient-friendly language throughout the conversation, avoiding medical jargon or explaining technical terms when necessary. The physician also actively listens to the patient's concerns and responds in a supportive and non-judgmental manner. The conversation is well-structured, and the physician summarizes the plan and ensures the patient understands the next steps."
QUESTIONING SKILLS - VERIFICATION OF PATIENT INFORMATION (in vignette),5,"Throughout the conversation, the physician consistently and effectively sought to clarify, verify, and specify the patient's responses, ensuring a thorough understanding of the patient's health status, smoking habits, personal and family history, and concerns about quitting smoking. For instance, the interviewer probes deeper into the patient's past attempts to quit smoking with questions like 'Have you ever considered quitting in the past, or did you ever quit in the past?' and 'So what makes you think it's going to work this time around?' These questions not only clarify the patient's smoking history but also verify the patient's motivation and readiness to quit. Additionally, when discussing treatment options and planning for quitting smoking, the physician verifies the patient's willingness and capability to undergo certain interventions, such as 'Are you able to swallow pills?' and confirms understanding by summarizing the plan and asking the patient to repeat it back with 'Would you be able to repeat back the plan that we've come up with?' This comprehensive approach to patient interaction demonstrates a consistent effort to ensure clear communication and mutual understanding between the physician and patient, satisfying the criteria for a score of 5.",4,"The interviewer, Physician Amy, demonstrates a good level of clarification, verification, and specificity in her questioning. She actively seeks to understand the patient's responses, asking follow-up questions to gather more information and ensure accuracy. For example, when the patient mentions feeling unwell, Physician Amy asks specific questions about the symptoms, such as ""Is there a particular reason?"" and ""Does this happen every time you stand up quickly, or are there certain times of the day when it's more likely to occur?"" This helps her to understand the context and conditions under which the symptoms occur."
INTERACTIVE TECHNIQUES,5,"Throughout the conversation, the physician demonstrates a patient-centered approach by actively soliciting the patient's perspective, concerns, and preferences regarding quitting smoking. The interviewer's questions and responses such as 'Okay. How old are you, Tom?' and 'Is there a particular reason?' after the patient rated their health show active listening and invite further patient input. The physician also employs physician-centered techniques by providing structured advice, sharing medical knowledge, and suggesting a comprehensive plan for the patient to quit smoking, evidenced by the discussion on setting a quit date, the effects of smoking, and potential treatment options including medication through Pfizer's support program. The physician ensures the patient's involvement in the decision-making process, as seen with 'Does that sound like something you would be able to do?' and 'So why don't we pick a date in two weeks from now?'. The interactive dialogue includes validation of the patient's feelings, encouragement, educational information on the effects of smoking and quitting strategies, and a clear outline of the steps to attempt quitting. This balance of seeking and respecting the patient's input and views while also offering expert guidance and a structured treatment plan constitutes a collaborative approach, effectively integrating both patient-centered and physician-centered interviewing styles.",5,"The interviewer, a second-year medical student, demonstrates a patient-centered approach by actively listening to the patient's concerns, asking open-ended questions, and incorporating the patient's ideas and values into the conversation. The interviewer also effectively incorporates physician-centered elements, such as providing education on the effects of smoking and discussing treatment options, to promote a collaborative partnership between patient and doctor."
VERBAL FACILITATION SKILLS,5,"The interviewer (Physician) consistently uses various facilitative skills throughout the conversation to engage the patient. For instance, there's usage of open-ended questions like 'Can I ask you why you take that?' and 'Do you have any questions at this time or any other concerns you've thought of?', which encourages the patient to share more detailed responses. Moreover, the interviewer shows empathy by saying 'Sorry to hear about that.' and 'Sorry about that.', acknowledging the patient's troubles and making the patient feel heard and supported. Their approach of summarizing the patient's situation and confirming understanding, as seen in statements like 'Okay. So things that I learned about you in terms of your history would be...' and asking the patient to repeat back the plan, ensures that both parties are on the same page. The physician also offers specific plans and suggestions for quitting smoking, showing proactive support for the patient's health goals. This approach encourages patient engagement and participation actively. The physician regularly reassures and motivates the patient, especially towards the end, by discussing treatment options and additional support mechanisms. Based on these observations, the interviewer demonstrates a high level of verbal encouragement and facilitation skills throughout the interview, meriting a top score.",5,"The physician demonstrates good verbal facilitation skills throughout the conversation. They use open-ended questions to encourage the patient to share their story and provide detailed information about their smoking habits and medical history. The physician also uses verbal encouragement, such as praising the patient's efforts to quit smoking and acknowledging their concerns. They echo the patient's statements to show understanding and build rapport. The physician also provides clear explanations of the quit plan and the medication options, and they involve the patient in the decision-making process."
NON-VERBAL FACILITATION SKILLS,3,"The lengthy conversation transcript does not provide explicit descriptions of non-verbal communication techniques used by the physician. However, given the detailed engagement, thorough explanation of the smoking cessation plan, and the supportive communication style throughout the conversation, it can be inferred that the physician likely employed positive non-verbal cues to engage and comfort the patient, such as nodding in understanding, maintaining eye contact, and demonstrating a relaxed, open posture. While explicit mentions of non-verbal cues like eliminating physical barriers or making appropriate physical contact are missing, the overall supportive tone suggests a facilitative approach. However, without explicit evidence of all suggested non-verbal communication techniques, a perfect score cannot be assigned.",5,"The physician demonstrates excellent non-verbal communication skills throughout the conversation. They maintain good eye contact, use open and inviting body language, and display empathetic facial expressions. The physician also eliminates physical barriers by sitting at the same level as the patient and making appropriate physical contact, such as nodding understandingly. They use verbal cues like ""Okay"" and ""Good"" to show they are engaged and attentive. The physician also uses a calm and gentle tone, which helps to put the patient at ease."
EMPATHY AND ACKNOWLEDGING PATIENT CUES,5,"Throughout this conversation, the interviewer demonstrates a consistent level of empathy and support for the patient's concerns and challenges, particularly regarding their intention to quit smoking and the emotional implications of their father's diagnosis with lung cancer. The interviewer skillfully employs supportive communication, acknowledging the patient's difficult situation ('Sorry to hear about that.'), validating their efforts and concerns, and offering encouragement and concrete plans for quitting smoking ('So it's kind of like you're not reminding yourself of your temptation to smoke. Does that sound like something you would be able to do?'). Furthermore, the interviewer offers a personal touch by showing understanding of the emotional and logistical aspects of quitting smoking, such as the patient's concern about weight gain and ensuring the treatment plan is affordable ('Pfizer actually has a program where they can actually sponsor the prescription for you.'). This demonstrates not only an understanding and respect for the patient's current situation (NURS) but also provides supportive solutions tailored to the patient's individual needs. The interviewer furthermore engages the patient in the treatment planning, making it a collaborative effort ('So now we can actually form a plan together as to how you're going to go about quitting smoking.'). This approach underscores a respect for the patient's autonomy while also providing medical guidance and support. The interviewer's consistent engagement, asking for the patient's feedback, and adapting the treatment plan according to the patient's concerns and life circumstances display a comprehensive application of empathy throughout the conversation. Hence, the conversation with the physician would score a 5 for effectively using supportive comments regarding the patient’s emotions and demonstrating empathy through the NURS technique.",5,"The physician demonstrates empathy and support throughout the conversation. They acknowledge the patient's emotions and concerns, such as when the patient mentions their father's lung cancer diagnosis and their own struggles with quitting smoking. The physician responds with phrases like ""Sorry to hear about that"" and ""I can only imagine how tough that is,"" showing understanding and validation of the patient's feelings."
PATIENT’S PERSPECTIVE (BELIEFS; Case specific),5,"Throughout the interaction, the interviewer (Physician) systematically elicits the patient's perspective on the illness (smoking addiction), explores the patient's beliefs, feelings, and expectations, and integrates these into the co-creation of a treatment plan. The interviewer acknowledges the patient's belief that stress triggers his smoking habit and incorporates this understanding into the proposed quitting strategy. The interviewer also asks about the patient's knowledge of smoking effects, responds to his concerns about medication costs, and incorporates the patient's motivation linked to his father's illness and his parents' successful quitting experience. By carefully listening and responding to the patient's narrative about vitamin D for mood, the impact of his father's lung cancer on his decision to quit, and his previous unsuccessful attempts to quit, the interviewer demonstrates an effective engagement with the patient's FIFE (Feelings, Ideas, Function, and Expectations). This engagement is further illustrated when the interviewer addresses potential barriers to quitting, such as stress and the fear of weight gain, by suggesting alternatives and reassurances. Therefore, this conversation scores a 5.",3,"The physician does a good job of eliciting the patient's perspectives and beliefs about their illness, particularly in the beginning of the conversation. The physician asks open-ended questions, such as ""What brings you in today?"" and ""Can you share what you believe might be causing your symptoms?"" which encourages the patient to share their thoughts and feelings. The physician also actively addresses the patient's beliefs and concerns, such as when the patient mentions their father's lung cancer diagnosis and the physician acknowledges the emotional impact of this event."
IMPACT OF ILLNESS ON PATIENT AND PATIENT’S SELF-IMAGE,3,"The interviewer, although primarily focused on gathering a comprehensive medical and social history and formulating a plan to help the patient quit smoking, does only a minimal job addressing the impact of the illness (in this case, addiction to smoking) on the patient�s life or self-image directly. The discussion about the patient's reasons for wanting to quit smoking, such as concern over familial health issues and the desire to improve personal health, touches implicitly on the impact smoking has on the patient's life. However, explicit exploration of the patient's feelings about the illness and how it has changed their life or self-image is missing. The interviewer does not explore how the patient feels about themselves due to the addiction or how their daily life is affected beyond the plan to quit. The offer of a plan to quit smoking, including medication and lifestyle changes, indicates some level of support but falls short of offering counseling or deeper resources that address psychological impact.",3,"The physician explores the patient's feelings and lifestyle changes partially, but does not delve deeply into the emotional impact of the illness on the patient's life and self-image. The physician acknowledges the patient's concerns and motivations, such as the desire to quit smoking due to his father's lung cancer diagnosis, and offers support and resources, including counseling and medication options. However, the conversation remains largely focused on the practical aspects of quitting smoking, such as setting a quit date, removing triggers, and using nicotine replacement therapy. The physician does not ask more open-ended questions to explore the patient's emotional response to his father's illness or how it has affected his sense of self."
IMPACT OF ILLNESS ON FAMILY,3,"The interviewer effectively explores the patient's personal and family context during the consultation, showing attentiveness to the patient's situation but does not specifically inquire about the structure of the patient’s family beyond establishing that the patient's parents are both alive and the father's recent lung cancer diagnosis. Furthermore, while the physician does express sympathy towards the patient's family situation and acknowledges the father's lung cancer diagnosis, there is a missed opportunity to delve deeper into how the patient's smoking habit and decision to quit might be impacting or influenced by family dynamics or how the family might play a role in supporting the patient's quitting process. The impact of the patient's illness (in this case, smoking addiction) on the family members and family lifestyle is acknowledged indirectly through the discussion about the father's lung cancer and the patient's motivation to quit smoking. However, the exploration of these issues is not comprehensive enough to fully address the criteria for a score of 5.",3,"The physician addresses the impact of the patient's illness on their family in a limited way. The physician asks about the patient's family structure and living situation, and the patient mentions that their father's lung cancer diagnosis has been difficult for the family. The physician expresses sympathy and acknowledges the patient's concern about the impact on their family. However, the physician does not explore these issues in detail or offer specific support or resources for the family. The conversation focuses primarily on the patient's smoking habit and quit plan, with some mention of the patient's social support system, including their parents. "
SUPPORT SYSTEMS,3,"The interviewer makes a concerted effort to understand Tom's health concerns, particularly regarding his wish to quit smoking, which has a direct implication on both his emotional and physical health. During the conversation, she inquires about Tom's current living situation, educational background, employment, and family support, which collectively offer insight into his social support system. Nevertheless, despite mentioning Tom's financial situation in relation to insurance and considering it while discussing treatment options, there's an implicit but not explicit exploration of his emotional or additional forms of support. The provision of community resources or specific suggestions to bolster his support system outside of his immediate family and work is not provided. While the interviewer does address Tom's concern about the cost of medication and offers a solution that considers financial support through the Pfizer program, the overall inquiry into Tom's support system remains focused predominantly on aspects relevant to his smoking cessation plan rather than a comprehensive exploration of all forms of available and potential support (emotional, financial, other resources). Therefore, while some aspects of available support are determined, not all critical areas are fully explored.",3,"The physician explores the patient's support systems, including emotional, financial, and access to healthcare, but does not fully explore or suggest resources. The physician asks about the patient's social support, identifying the patient's parents as their main support system, and encourages the patient to involve them in their quit plan. The physician also discusses the patient's financial situation and lack of insurance, offering a potential solution through Pfizer's program to sponsor the prescription. However, the physician could have explored other resources, such as community support groups or counseling services, to provide a more comprehensive approach to supporting the patient's quit plan."
PATIENT’S EDUCATION & UNDERSTANDING,5,"The physician, Amy, engages in a detailed conversation with Tom about his goal to quit smoking. Amy effectively establishes Tom's current health status, medical history, and his specific concerns regarding quitting smoking. Throughout the conversation, Amy focuses on understanding Tom's motivations for quitting and his previous attempts, demonstrating a comprehensive approach to patient education. Notably, Amy uses the teach-back method when she asks Tom to repeat the plan they've come up with for him to quit smoking, ensuring that he understands the steps he needs to take. This method is particularly evident when she prompts Tom to summarize the quitting plan, which includes picking a quit date, removing reminders of smoking, trying Shantix through Pfizer's sponsorship, informing family and friends, and using a contract and calendar for motivation. Amy checks Tom's understanding of the treatment and provides an opportunity for him to ask questions, illustrating effective use of patient education and engagement. She addresses his concerns about medication, weight gain, and what to do if the initial treatment doesn't work, offering reassurance and alternative plans. The conversation exemplifies the goal of ensuring patient understanding through the use of teach-back, providing education based on Tom's interest, and engaging him in creating a quit plan.",4,"The physician does a good job of assessing the patient's understanding of their condition and providing education on the effects of smoking and the quit plan. The physician uses open-ended questions to encourage the patient to share their thoughts and feelings, and actively listens to their responses. The physician also provides clear explanations of the quit plan, including the use of medication, nicotine replacement therapy, and behavioral changes. The physician checks the patient's understanding by asking them to repeat back the plan, which the patient is able to do accurately."
ASSESS MOTIVATION FOR CHANGES,5,"Throughout the conversation, the interviewer (Physician) demonstrates a comprehensive approach in assessing the patient's motivation for quitting smoking, taking into account the patient's personal history, current lifestyle, and social environment. By initially exploring the patient's health history and reasons for wanting to quit smoking, the physician tailors the subsequent discussion around the patient's personal circumstances, particularly noting the recent diagnosis of lung cancer in the patient's father as a key motivator. The interviewer also delves into the patient's previous attempts to quit, acknowledging the difficulties faced and exploring what might be different this time, thus showing an understanding of the challenges of changing such a deeply ingrained habit. The physician's detailed planning phase, which includes setting a quit date, preparing the environment, gaining family support, and utilizing medication assistance, is directly aligned with the patient's expressed concerns and motivation levels. Moreover, the interviewer discusses various behavioral and pharmacological strategies to support the quit attempt, directly addressing the patient's readiness and willingness to engage in these strategies. This conversation effectively inquires how the patient feels about the lifestyle change, follows up with a comprehensive plan that is sensitive to the patient's motivation level, and provides information appropriate to the patient's level of readiness. Therefore, it scores a 5.",5,"The physician demonstrates a good approach to assessing the patient's motivation for making lifestyle or behavioral changes. The physician starts by asking open-ended questions to understand the patient's feelings and concerns about quitting smoking, and then tailors the information and suggestions based on the patient's responses and readiness. The physician also explores the patient's past experiences with quitting smoking, identifying the triggers and patterns of smoking behavior. The physician provides clear explanations and education about the effects of smoking and the benefits of quitting, and offers practical advice and support to help the patient overcome challenges. The physician also involves the patient in the decision-making process, allowing them to take an active role in setting a quit date and developing a plan to quit smoking."
ADMITTING LACK OF KNOWLEDGE,3,"Throughout this extensive conversation, the interviewer, a second-year medical student named Amy, consistently discusses medical advice, possible treatments, lifestyle changes, and medication options with the patient named Tom. However, there are no instances in the conversation where Amy admits to not knowing something and subsequently makes an effort to find the information or refers to other resources for the answer. The entire dialogue appears to involve Amy addressing and managing the patient's concerns based on her current knowledge and the protocols she's aware of, particularly regarding smoking cessation strategies such as picking a quit date, using medication (e.g., Chantix), and lifestyle adjustments. Since the scenario where Amy admits to lacking knowledge and either seeks out information herself or refers to other resources does not occur, we cannot score her based on the provided criteria for admitting lack of knowledge and seeking accurate information.",5,"The physician, Amy, demonstrates a willingness to admit a lack of knowledge and seek accurate information. Although she is a second-year medical student, she does not pretend to have all the answers. She asks questions, clarifies the patient's concerns, and provides explanations in a clear and concise manner. When the patient asks about the medication Chantix, Amy explains how it works and its potential benefits, showing that she has done her research and is knowledgeable about the topic. However, she also acknowledges that she may not have all the answers and offers to discuss the patient's concerns with Dr. Lelko, the attending physician. This approach shows a commitment to providing reliable and safe patient care."
INFORMED CONSENT FOR INVESTIGATIONS & PROCEDURES,3,"While the initial discussion does not explicitly focus on a traditional medical investigation or procedure, the physician thoroughly discusses the plan to help the patient quit smoking, which involves medication (Chantix) as part of the treatment strategy. The physician outlines the purpose of the medication, how it works, and its role in the plan to quit smoking. Furthermore, the discussion includes exploring financial support options for obtaining Chantix, considering the patient's lack of insurance, which directly addresses potential barriers to treatment. Although the conversation is extensive regarding the plan to quit smoking, mentioning alternative strategies such as nicotine gum, patches, and behavioral modifications, the physician does not explicitly compare the risks and benefits of Chantix against these alternatives. Additionally, the conversation lacks a detailed examination of the potential side effects or risks associated with Chantix, which would have been necessary for a fully informed decision. Considering these aspects, the conversation provides a detailed plan and addresses financial concerns but falls short of discussing potential risks, detailed benefits, or comparing these aspects to alternative treatments thoroughly.",3,"The physician discusses the patient's desire to quit smoking and gathers information about their medical history, social history, and smoking habits. The physician explains the effects of smoking on the body and discusses a plan to help the patient quit, including setting a quit date, removing reminders of smoking, and using medication such as Chantix. The physician also offers support and resources, including a contract and calendar to track progress. However, the physician does not thoroughly discuss the risks and benefits of the medication, nor does she mention alternative treatments or the option of no treatment. The conversation is more focused on providing guidance and support rather than obtaining informed consent."
ACHIEVE A SHARED PLAN,5,"The interviewer (physician) discusses the diagnosis and negotiates a plan with the patient, specifically focusing on a detailed strategy to help the patient quit smoking. The physician thoroughly incorporates the patient's concerns and preferences into the plan, demonstrating a high level of patient involvement. Quotes supporting this assessment include the physician asking, 'Does that sound like a good idea?' and 'Do you have anything in mind in particular?' when discussing the plan to quit smoking. Also, the patient's feedback, such as 'That sounds like a good idea. I didn't think about that before,' shows involvement in the decision-making process. The physician's efforts to provide a comprehensive plan, including addressing financial concerns, suggesting behavior modification techniques, and offering medical treatment options while ensuring the patient's engagement, further supports a collaborative approach. These elements underscore the physician's effectiveness in achieving a shared decision-making process, warranting the highest score.",5,"The physician discusses the diagnosis (smoking addiction) and prognosis (health risks associated with smoking) with the patient, and negotiates a treatment plan that involves quitting smoking using a medication (Chantix) and behavioral changes (removing smoking-related items, exercising, and improving diet). The physician also addresses the patient's concerns about weight gain and the effectiveness of the treatment. The patient is actively engaged in the conversation, asking questions and sharing their thoughts and concerns. The physician provides clear explanations and offers support and encouragement throughout the conversation."
ENCOURAGEMENT OF QUESTIONS,5,"The physician in this conversation actively encourages the patient, Tom, to express concerns and ask questions throughout the interaction. Several instances clearly demonstrate this: Early in the conversation, the physician asks, 'So besides your concern about quitting smoking, do you have any other things that you would like to speak about today?' providing an open invitation for the patient to raise additional topics. Later, after discussing the plan to quit smoking, the physician again inquires, 'Do you have any questions at this time or any other concerns you've thought of?' and once more towards the end with 'Any questions? Any other concerns?' Moreover, at the closure of the conversation, the physician explicitly asks for feedback on their plan and addresses remaining concerns regarding weight gain and the effectiveness of the chosen cessation method. This approach allows multiple opportunities for the patient to bring forth questions and clarifies the treatment plan, ensuring the patient's understanding and agreement. These examples align with the criteria for a score of 5 due to the physician's consistent efforts to engage the patient in dialogue, encouraging them to ask questions at various points throughout the interview and providing an environment conducive to open discussion.",5,"The physician encourages the patient to ask questions at multiple points throughout the interview, providing opportunities for the patient to bring up additional topics or concerns. The physician asks open-ended questions, such as ""Besides your concern about quitting smoking, do you have any other things that you would like to speak about today?"" and ""Do you have any questions at this time or any other concerns you've thought of?"" The physician also checks in with the patient periodically to ensure they understand the plan and are comfortable with the approach. Additionally, the physician provides a summary of the plan at the end of the interview and asks the patient to repeat it back, which helps to ensure the patient understands and is committed to the plan."
CLOSURE,5,"The closure of the interview exemplifies clear and comprehensive detailing of the future plans for both the interviewer (physician) and the patient. The physician outlines a quitting strategy for the patient, incorporating setting a quit date, environmental modifications, family support, medication (Chantix) through Pfizer sponsorship, and behavioral strategies. Additionally, plans for a follow-up visit are established, with the promise of support from the medical team. The patient's concerns about potential challenges, like weight gain and unsuccessful quitting, are addressed, portraying a structured and supportive path forward. This conversation effectively ensures the patient leaves with a clear understanding of the next steps, responsibilities, and available support, scoring high on providing a sense of future direction and closure.",5,"The physician effectively closes the interview by summarizing the future plans, including actions to be taken by both the physician and the patient. The physician clearly outlines the quit plan, including the quit date, removing reminders of smoking, and using medication (Chantix) to aid in quitting. The physician also addresses the patient's concerns about weight gain and the possibility of the therapy not working. The physician provides reassurance and support, emphasizing that they are ""in this with you 100%."" The patient is encouraged to ask questions and seek help if needed before the follow-up visit. The physician also schedules a follow-up visit with Dr. Lelko, ensuring continued support and monitoring."